gymnast_first_name,gymnast_last_name,comp_number,competition,score_type,score
Skye,Blakely,589,World Championships 2022,vault_d,NA
Skye,Blakely,589,World Championships 2022,vault_e,NA
Skye,Blakely,589,World Championships 2022,vault_score,NA
Skye,Blakely,589,World Championships 2022,bars_d,5.5
Skye,Blakely,589,World Championships 2022,bars_e,7.066
Skye,Blakely,589,World Championships 2022,bars_score,12.566
Skye,Blakely,589,World Championships 2022,beam_d,6
Skye,Blakely,589,World Championships 2022,beam_e,7.733
Skye,Blakely,589,World Championships 2022,beam_score,13.733
Skye,Blakely,589,World Championships 2022,floor_d,5.7
Skye,Blakely,589,World Championships 2022,floor_e,7.9
Skye,Blakely,589,World Championships 2022,floor_score,13.6
Skye,Blakely,589,World Championships 2022,aa_score,NA
Jade,Carey,590,World Championships 2022,vault_d,5.6
Jade,Carey,590,World Championships 2022,vault_e,9
Jade,Carey,590,World Championships 2022,vault_score,14.6
Jade,Carey,590,World Championships 2022,bars_d,5.4
Jade,Carey,590,World Championships 2022,bars_e,7.933000000000001
Jade,Carey,590,World Championships 2022,bars_score,13.333
Jade,Carey,590,World Championships 2022,beam_d,5.4
Jade,Carey,590,World Championships 2022,beam_e,7.733
Jade,Carey,590,World Championships 2022,beam_score,13.133
Jade,Carey,590,World Championships 2022,floor_d,6.1
Jade,Carey,590,World Championships 2022,floor_e,7.966
Jade,Carey,590,World Championships 2022,floor_score,14.066
Jade,Carey,590,World Championships 2022,aa_score,55.132000000000005
Jordan,Chiles,591,World Championships 2022,vault_d,5
Jordan,Chiles,591,World Championships 2022,vault_e,9.466
Jordan,Chiles,591,World Championships 2022,vault_score,14.466
Jordan,Chiles,591,World Championships 2022,bars_d,5.9
Jordan,Chiles,591,World Championships 2022,bars_e,8.166
Jordan,Chiles,591,World Championships 2022,bars_score,14.066
Jordan,Chiles,591,World Championships 2022,beam_d,5.2
Jordan,Chiles,591,World Championships 2022,beam_e,6.1659999999999995
Jordan,Chiles,591,World Championships 2022,beam_score,11.366
Jordan,Chiles,591,World Championships 2022,floor_d,5.8
Jordan,Chiles,591,World Championships 2022,floor_e,8.3
Jordan,Chiles,591,World Championships 2022,floor_score,14.1
Jordan,Chiles,591,World Championships 2022,aa_score,53.998000000000005
Shilese,Jones,592,World Championships 2022,vault_d,5
Shilese,Jones,592,World Championships 2022,vault_e,9.2
Shilese,Jones,592,World Championships 2022,vault_score,14.2
Shilese,Jones,592,World Championships 2022,bars_d,6.3
Shilese,Jones,592,World Championships 2022,bars_e,8.266
Shilese,Jones,592,World Championships 2022,bars_score,14.566
Shilese,Jones,592,World Championships 2022,beam_d,5.2
Shilese,Jones,592,World Championships 2022,beam_e,8
Shilese,Jones,592,World Championships 2022,beam_score,13.2
Shilese,Jones,592,World Championships 2022,floor_d,5.7
Shilese,Jones,592,World Championships 2022,floor_e,8.1
Shilese,Jones,592,World Championships 2022,floor_score,13.8
Shilese,Jones,592,World Championships 2022,aa_score,55.76599999999999
Leanne,Wong,593,World Championships 2022,vault_d,5
Leanne,Wong,593,World Championships 2022,vault_e,8.766
Leanne,Wong,593,World Championships 2022,vault_score,13.766
Leanne,Wong,593,World Championships 2022,bars_d,NA
Leanne,Wong,593,World Championships 2022,bars_e,NA
Leanne,Wong,593,World Championships 2022,bars_score,NA
Leanne,Wong,593,World Championships 2022,beam_d,NA
Leanne,Wong,593,World Championships 2022,beam_e,NA
Leanne,Wong,593,World Championships 2022,beam_score,NA
Leanne,Wong,593,World Championships 2022,floor_d,NA
Leanne,Wong,593,World Championships 2022,floor_e,NA
Leanne,Wong,593,World Championships 2022,floor_score,NA
Leanne,Wong,593,World Championships 2022,aa_score,NA
Simone,Biles,604,World Championships 2023,vault_d,6.4
Simone,Biles,604,World Championships 2023,vault_e,9.366
Simone,Biles,604,World Championships 2023,vault_score,15.266
Simone,Biles,604,World Championships 2023,bars_d,6
Simone,Biles,604,World Championships 2023,bars_e,8.4
Simone,Biles,604,World Championships 2023,bars_score,14.4
Simone,Biles,604,World Championships 2023,beam_d,6.3
Simone,Biles,604,World Championships 2023,beam_e,8.266
Simone,Biles,604,World Championships 2023,beam_score,14.566
Simone,Biles,604,World Championships 2023,floor_d,6.7
Simone,Biles,604,World Championships 2023,floor_e,7.933000000000001
Simone,Biles,604,World Championships 2023,floor_score,14.633
Simone,Biles,604,World Championships 2023,aa_score,58.864999999999995
Skye,Blakely,605,World Championships 2023,vault_d,NA
Skye,Blakely,605,World Championships 2023,vault_e,NA
Skye,Blakely,605,World Championships 2023,vault_score,NA
Skye,Blakely,605,World Championships 2023,bars_d,5.9
Skye,Blakely,605,World Championships 2023,bars_e,8.232999999999999
Skye,Blakely,605,World Championships 2023,bars_score,14.133
Skye,Blakely,605,World Championships 2023,beam_d,6
Skye,Blakely,605,World Championships 2023,beam_e,5.866
Skye,Blakely,605,World Championships 2023,beam_score,11.866
Skye,Blakely,605,World Championships 2023,floor_d,NA
Skye,Blakely,605,World Championships 2023,floor_e,NA
Skye,Blakely,605,World Championships 2023,floor_score,NA
Skye,Blakely,605,World Championships 2023,aa_score,NA
Shilese,Jones,607,World Championships 2023,vault_d,5
Shilese,Jones,607,World Championships 2023,vault_e,9.266
Shilese,Jones,607,World Championships 2023,vault_score,14.266
Shilese,Jones,607,World Championships 2023,bars_d,6.4
Shilese,Jones,607,World Championships 2023,bars_e,8.433
Shilese,Jones,607,World Championships 2023,bars_score,14.833
Shilese,Jones,607,World Championships 2023,beam_d,5.9
Shilese,Jones,607,World Championships 2023,beam_e,8.133
Shilese,Jones,607,World Championships 2023,beam_score,14.033
Shilese,Jones,607,World Championships 2023,floor_d,5.7
Shilese,Jones,607,World Championships 2023,floor_e,8.1
Shilese,Jones,607,World Championships 2023,floor_score,13.8
Shilese,Jones,607,World Championships 2023,aa_score,56.932
Leanne,Wong,609,World Championships 2023,vault_d,5
Leanne,Wong,609,World Championships 2023,vault_e,9.166
Leanne,Wong,609,World Championships 2023,vault_score,14.166
Leanne,Wong,609,World Championships 2023,bars_d,5.7
Leanne,Wong,609,World Championships 2023,bars_e,7.966
Leanne,Wong,609,World Championships 2023,bars_score,13.666
Leanne,Wong,609,World Championships 2023,beam_d,5.4
Leanne,Wong,609,World Championships 2023,beam_e,7.966
Leanne,Wong,609,World Championships 2023,beam_score,13.366
Leanne,Wong,609,World Championships 2023,floor_d,5.4
Leanne,Wong,609,World Championships 2023,floor_e,7.8
Leanne,Wong,609,World Championships 2023,floor_score,13.2
Leanne,Wong,609,World Championships 2023,aa_score,54.398
Joscelyn,Roberson,608,World Championships 2023,vault_d,5.6
Joscelyn,Roberson,608,World Championships 2023,vault_e,8.866000000000001
Joscelyn,Roberson,608,World Championships 2023,vault_score,14.466
Joscelyn,Roberson,608,World Championships 2023,bars_d,NA
Joscelyn,Roberson,608,World Championships 2023,bars_e,NA
Joscelyn,Roberson,608,World Championships 2023,bars_score,NA
Joscelyn,Roberson,608,World Championships 2023,beam_d,NA
Joscelyn,Roberson,608,World Championships 2023,beam_e,NA
Joscelyn,Roberson,608,World Championships 2023,beam_score,NA
Joscelyn,Roberson,608,World Championships 2023,floor_d,6.2
Joscelyn,Roberson,608,World Championships 2023,floor_e,7.433000000000001
Joscelyn,Roberson,608,World Championships 2023,floor_score,13.633
Joscelyn,Roberson,608,World Championships 2023,aa_score,NA
Shilese,Jones,202,US Championships 2022,vault_d,5
Shilese,Jones,202,US Championships 2022,vault_e,9.55
Shilese,Jones,202,US Championships 2022,vault_score,14.55
Shilese,Jones,202,US Championships 2022,bars_d,6.3
Shilese,Jones,202,US Championships 2022,bars_e,8.55
Shilese,Jones,202,US Championships 2022,bars_score,14.85
Shilese,Jones,202,US Championships 2022,beam_d,5.5
Shilese,Jones,202,US Championships 2022,beam_e,8.2
Shilese,Jones,202,US Championships 2022,beam_score,13.7
Shilese,Jones,202,US Championships 2022,floor_d,5.7
Shilese,Jones,202,US Championships 2022,floor_e,8.4
Shilese,Jones,202,US Championships 2022,floor_score,14.1
Shilese,Jones,202,US Championships 2022,aa_score,57.2
Konnor,McClain,218,US Championships 2022,vault_d,5
Konnor,McClain,218,US Championships 2022,vault_e,9.4
Konnor,McClain,218,US Championships 2022,vault_score,14.4
Konnor,McClain,218,US Championships 2022,bars_d,5.6
Konnor,McClain,218,US Championships 2022,bars_e,7.7
Konnor,McClain,218,US Championships 2022,bars_score,13.3
Konnor,McClain,218,US Championships 2022,beam_d,6.4
Konnor,McClain,218,US Championships 2022,beam_e,8.4
Konnor,McClain,218,US Championships 2022,beam_score,14.8
Konnor,McClain,218,US Championships 2022,floor_d,5.8
Konnor,McClain,218,US Championships 2022,floor_e,8.1
Konnor,McClain,218,US Championships 2022,floor_score,13.9
Konnor,McClain,218,US Championships 2022,aa_score,56.4
Jordan,Chiles,220,US Championships 2022,vault_d,5
Jordan,Chiles,220,US Championships 2022,vault_e,9.35
Jordan,Chiles,220,US Championships 2022,vault_score,14.35
Jordan,Chiles,220,US Championships 2022,bars_d,5.9
Jordan,Chiles,220,US Championships 2022,bars_e,8.350000000000001
Jordan,Chiles,220,US Championships 2022,bars_score,14.25
Jordan,Chiles,220,US Championships 2022,beam_d,5.4
Jordan,Chiles,220,US Championships 2022,beam_e,8.2
Jordan,Chiles,220,US Championships 2022,beam_score,13.6
Jordan,Chiles,220,US Championships 2022,floor_d,5.6
Jordan,Chiles,220,US Championships 2022,floor_e,8.350000000000001
Jordan,Chiles,220,US Championships 2022,floor_score,13.95
Jordan,Chiles,220,US Championships 2022,aa_score,56.15
Kayla,DiCello,207,US Championships 2022,vault_d,5
Kayla,DiCello,207,US Championships 2022,vault_e,9.2
Kayla,DiCello,207,US Championships 2022,vault_score,14.2
Kayla,DiCello,207,US Championships 2022,bars_d,5.6
Kayla,DiCello,207,US Championships 2022,bars_e,8.5
Kayla,DiCello,207,US Championships 2022,bars_score,14.1
Kayla,DiCello,207,US Championships 2022,beam_d,5.5
Kayla,DiCello,207,US Championships 2022,beam_e,8.3
Kayla,DiCello,207,US Championships 2022,beam_score,13.8
Kayla,DiCello,207,US Championships 2022,floor_d,5.5
Kayla,DiCello,207,US Championships 2022,floor_e,8.350000000000001
Kayla,DiCello,207,US Championships 2022,floor_score,13.85
Kayla,DiCello,207,US Championships 2022,aa_score,55.95
Jade,Carey,211,US Championships 2022,vault_d,5.6
Jade,Carey,211,US Championships 2022,vault_e,9.2
Jade,Carey,211,US Championships 2022,vault_score,14.8
Jade,Carey,211,US Championships 2022,bars_d,5.5
Jade,Carey,211,US Championships 2022,bars_e,8.1
Jade,Carey,211,US Championships 2022,bars_score,13.6
Jade,Carey,211,US Championships 2022,beam_d,5.6
Jade,Carey,211,US Championships 2022,beam_e,7.6
Jade,Carey,211,US Championships 2022,beam_score,13.2
Jade,Carey,211,US Championships 2022,floor_d,5.9
Jade,Carey,211,US Championships 2022,floor_e,8.15
Jade,Carey,211,US Championships 2022,floor_score,14.05
Jade,Carey,211,US Championships 2022,aa_score,55.65
Skye,Blakely,217,US Championships 2022,vault_d,5
Skye,Blakely,217,US Championships 2022,vault_e,9.1
Skye,Blakely,217,US Championships 2022,vault_score,14.1
Skye,Blakely,217,US Championships 2022,bars_d,5.6
Skye,Blakely,217,US Championships 2022,bars_e,8.25
Skye,Blakely,217,US Championships 2022,bars_score,13.85
Skye,Blakely,217,US Championships 2022,beam_d,6.3
Skye,Blakely,217,US Championships 2022,beam_e,7.1499999999999995
Skye,Blakely,217,US Championships 2022,beam_score,13.45
Skye,Blakely,217,US Championships 2022,floor_d,5.4
Skye,Blakely,217,US Championships 2022,floor_e,8
Skye,Blakely,217,US Championships 2022,floor_score,13.3
Skye,Blakely,217,US Championships 2022,aa_score,54.7
Katelyn,Rosen,215,US Championships 2022,vault_d,4.6
Katelyn,Rosen,215,US Championships 2022,vault_e,9.05
Katelyn,Rosen,215,US Championships 2022,vault_score,13.65
Katelyn,Rosen,215,US Championships 2022,bars_d,5.4
Katelyn,Rosen,215,US Championships 2022,bars_e,7.65
Katelyn,Rosen,215,US Championships 2022,bars_score,13.05
Katelyn,Rosen,215,US Championships 2022,beam_d,5
Katelyn,Rosen,215,US Championships 2022,beam_e,7.65
Katelyn,Rosen,215,US Championships 2022,beam_score,12.65
Katelyn,Rosen,215,US Championships 2022,floor_d,5.4
Katelyn,Rosen,215,US Championships 2022,floor_e,8.15
Katelyn,Rosen,215,US Championships 2022,floor_score,13.55
Katelyn,Rosen,215,US Championships 2022,aa_score,52.9
Elle,Mueller,214,US Championships 2022,vault_d,4.6
Elle,Mueller,214,US Championships 2022,vault_e,9.25
Elle,Mueller,214,US Championships 2022,vault_score,13.85
Elle,Mueller,214,US Championships 2022,bars_d,5.8
Elle,Mueller,214,US Championships 2022,bars_e,6.95
Elle,Mueller,214,US Championships 2022,bars_score,12.75
Elle,Mueller,214,US Championships 2022,beam_d,5.6
Elle,Mueller,214,US Championships 2022,beam_e,7.65
Elle,Mueller,214,US Championships 2022,beam_score,13.25
Elle,Mueller,214,US Championships 2022,floor_d,4.8
Elle,Mueller,214,US Championships 2022,floor_e,8.15
Elle,Mueller,214,US Championships 2022,floor_score,12.95
Elle,Mueller,214,US Championships 2022,aa_score,52.8
Lexi,Zeiss,216,US Championships 2022,vault_d,5
Lexi,Zeiss,216,US Championships 2022,vault_e,8.4
Lexi,Zeiss,216,US Championships 2022,vault_score,13.4
Lexi,Zeiss,216,US Championships 2022,bars_d,5.6
Lexi,Zeiss,216,US Championships 2022,bars_e,8.3
Lexi,Zeiss,216,US Championships 2022,bars_score,13.9
Lexi,Zeiss,216,US Championships 2022,beam_d,5.2
Lexi,Zeiss,216,US Championships 2022,beam_e,7.1499999999999995
Lexi,Zeiss,216,US Championships 2022,beam_score,12.35
Lexi,Zeiss,216,US Championships 2022,floor_d,5
Lexi,Zeiss,216,US Championships 2022,floor_e,8.1
Lexi,Zeiss,216,US Championships 2022,floor_score,13.1
Lexi,Zeiss,216,US Championships 2022,aa_score,52.75
Katelyn,Jong,208,US Championships 2022,vault_d,5
Katelyn,Jong,208,US Championships 2022,vault_e,8.950000000000001
Katelyn,Jong,208,US Championships 2022,vault_score,13.95
Katelyn,Jong,208,US Championships 2022,bars_d,5.8
Katelyn,Jong,208,US Championships 2022,bars_e,6.4
Katelyn,Jong,208,US Championships 2022,bars_score,12.2
Katelyn,Jong,208,US Championships 2022,beam_d,5.5
Katelyn,Jong,208,US Championships 2022,beam_e,7.7
Katelyn,Jong,208,US Championships 2022,beam_score,13.2
Katelyn,Jong,208,US Championships 2022,floor_d,5.6
Katelyn,Jong,208,US Championships 2022,floor_e,7.5
Katelyn,Jong,208,US Championships 2022,floor_score,13.1
Katelyn,Jong,208,US Championships 2022,aa_score,52.45
Addison,Fatta,212,US Championships 2022,vault_d,5
Addison,Fatta,212,US Championships 2022,vault_e,8.15
Addison,Fatta,212,US Championships 2022,vault_score,13.05
Addison,Fatta,212,US Championships 2022,bars_d,5.4
Addison,Fatta,212,US Championships 2022,bars_e,8.15
Addison,Fatta,212,US Championships 2022,bars_score,13.55
Addison,Fatta,212,US Championships 2022,beam_d,4.8
Addison,Fatta,212,US Championships 2022,beam_e,7.65
Addison,Fatta,212,US Championships 2022,beam_score,12.45
Addison,Fatta,212,US Championships 2022,floor_d,5.3
Addison,Fatta,212,US Championships 2022,floor_e,7.35
Addison,Fatta,212,US Championships 2022,floor_score,12.65
Addison,Fatta,212,US Championships 2022,aa_score,51.7
Amelia,Disidore,204,US Championships 2022,vault_d,5
Amelia,Disidore,204,US Championships 2022,vault_e,9.3
Amelia,Disidore,204,US Championships 2022,vault_score,14.3
Amelia,Disidore,204,US Championships 2022,bars_d,4.9
Amelia,Disidore,204,US Championships 2022,bars_e,6.6499999999999995
Amelia,Disidore,204,US Championships 2022,bars_score,11.55
Amelia,Disidore,204,US Championships 2022,beam_d,5.2
Amelia,Disidore,204,US Championships 2022,beam_e,7.45
Amelia,Disidore,204,US Championships 2022,beam_score,12.65
Amelia,Disidore,204,US Championships 2022,floor_d,5.2
Amelia,Disidore,204,US Championships 2022,floor_e,7.95
Amelia,Disidore,204,US Championships 2022,floor_score,13.15
Amelia,Disidore,204,US Championships 2022,aa_score,51.65
Marissa,Neal,205,US Championships 2022,vault_d,4.6
Marissa,Neal,205,US Championships 2022,vault_e,9.05
Marissa,Neal,205,US Championships 2022,vault_score,13.65
Marissa,Neal,205,US Championships 2022,bars_d,5.3
Marissa,Neal,205,US Championships 2022,bars_e,7.05
Marissa,Neal,205,US Championships 2022,bars_score,12.35
Marissa,Neal,205,US Championships 2022,beam_d,5.1
Marissa,Neal,205,US Championships 2022,beam_e,8.05
Marissa,Neal,205,US Championships 2022,beam_score,13.15
Marissa,Neal,205,US Championships 2022,floor_d,4.9
Marissa,Neal,205,US Championships 2022,floor_e,7.45
Marissa,Neal,205,US Championships 2022,floor_score,12.35
Marissa,Neal,205,US Championships 2022,aa_score,51.5
Nola,Matthews,201,US Championships 2022,vault_d,4.2
Nola,Matthews,201,US Championships 2022,vault_e,8.9
Nola,Matthews,201,US Championships 2022,vault_score,13.1
Nola,Matthews,201,US Championships 2022,bars_d,5.9
Nola,Matthews,201,US Championships 2022,bars_e,7.85
Nola,Matthews,201,US Championships 2022,bars_score,13.75
Nola,Matthews,201,US Championships 2022,beam_d,5.4
Nola,Matthews,201,US Championships 2022,beam_e,6.55
Nola,Matthews,201,US Championships 2022,beam_score,11.95
Nola,Matthews,201,US Championships 2022,floor_d,4.7
Nola,Matthews,201,US Championships 2022,floor_e,7.65
Nola,Matthews,201,US Championships 2022,floor_score,12.35
Nola,Matthews,201,US Championships 2022,aa_score,51.15
Levi,Jung-Ruivivar,213,US Championships 2022,vault_d,4.6
Levi,Jung-Ruivivar,213,US Championships 2022,vault_e,8.5
Levi,Jung-Ruivivar,213,US Championships 2022,vault_score,13.1
Levi,Jung-Ruivivar,213,US Championships 2022,bars_d,5.1
Levi,Jung-Ruivivar,213,US Championships 2022,bars_e,6.95
Levi,Jung-Ruivivar,213,US Championships 2022,bars_score,12.05
Levi,Jung-Ruivivar,213,US Championships 2022,beam_d,5.1
Levi,Jung-Ruivivar,213,US Championships 2022,beam_e,8.05
Levi,Jung-Ruivivar,213,US Championships 2022,beam_score,13.15
Levi,Jung-Ruivivar,213,US Championships 2022,floor_d,4.8
Levi,Jung-Ruivivar,213,US Championships 2022,floor_e,7.95
Levi,Jung-Ruivivar,213,US Championships 2022,floor_score,12.75
Levi,Jung-Ruivivar,213,US Championships 2022,aa_score,51.05
Joscelyn,Roberson,210,US Championships 2022,vault_d,5.2
Joscelyn,Roberson,210,US Championships 2022,vault_e,8.55
Joscelyn,Roberson,210,US Championships 2022,vault_score,13.75
Joscelyn,Roberson,210,US Championships 2022,bars_d,4.4
Joscelyn,Roberson,210,US Championships 2022,bars_e,6.5
Joscelyn,Roberson,210,US Championships 2022,bars_score,10.9
Joscelyn,Roberson,210,US Championships 2022,beam_d,6.1
Joscelyn,Roberson,210,US Championships 2022,beam_e,7.1499999999999995
Joscelyn,Roberson,210,US Championships 2022,beam_score,13.25
Joscelyn,Roberson,210,US Championships 2022,floor_d,5.5
Joscelyn,Roberson,210,US Championships 2022,floor_e,7.35
Joscelyn,Roberson,210,US Championships 2022,floor_score,12.85
Joscelyn,Roberson,210,US Championships 2022,aa_score,50.75
Brooke,Pierson,219,US Championships 2022,vault_d,4.6
Brooke,Pierson,219,US Championships 2022,vault_e,9.1
Brooke,Pierson,219,US Championships 2022,vault_score,13.7
Brooke,Pierson,219,US Championships 2022,bars_d,5.4
Brooke,Pierson,219,US Championships 2022,bars_e,7.65
Brooke,Pierson,219,US Championships 2022,bars_score,13.05
Brooke,Pierson,219,US Championships 2022,beam_d,4.9
Brooke,Pierson,219,US Championships 2022,beam_e,7.1499999999999995
Brooke,Pierson,219,US Championships 2022,beam_score,12.05
Brooke,Pierson,219,US Championships 2022,floor_d,4.7
Brooke,Pierson,219,US Championships 2022,floor_e,7.25
Brooke,Pierson,219,US Championships 2022,floor_score,11.95
Brooke,Pierson,219,US Championships 2022,aa_score,50.75
Charlotte,Booth,203,US Championships 2022,vault_d,5
Charlotte,Booth,203,US Championships 2022,vault_e,8.6
Charlotte,Booth,203,US Championships 2022,vault_score,13.5
Charlotte,Booth,203,US Championships 2022,bars_d,5.9
Charlotte,Booth,203,US Championships 2022,bars_e,6.4
Charlotte,Booth,203,US Championships 2022,bars_score,12.3
Charlotte,Booth,203,US Championships 2022,beam_d,5.2
Charlotte,Booth,203,US Championships 2022,beam_e,7.5
Charlotte,Booth,203,US Championships 2022,beam_score,12.7
Charlotte,Booth,203,US Championships 2022,floor_d,4.8
Charlotte,Booth,203,US Championships 2022,floor_e,7.3
Charlotte,Booth,203,US Championships 2022,floor_score,12.1
Charlotte,Booth,203,US Championships 2022,aa_score,50.6
Ciena,Alipio,209,US Championships 2022,vault_d,4.6
Ciena,Alipio,209,US Championships 2022,vault_e,7.65
Ciena,Alipio,209,US Championships 2022,vault_score,11.95
Ciena,Alipio,209,US Championships 2022,bars_d,4.5
Ciena,Alipio,209,US Championships 2022,bars_e,7.85
Ciena,Alipio,209,US Championships 2022,bars_score,12.35
Ciena,Alipio,209,US Championships 2022,beam_d,5.7
Ciena,Alipio,209,US Championships 2022,beam_e,7.9
Ciena,Alipio,209,US Championships 2022,beam_score,13.6
Ciena,Alipio,209,US Championships 2022,floor_d,4.5
Ciena,Alipio,209,US Championships 2022,floor_e,7.55
Ciena,Alipio,209,US Championships 2022,floor_score,11.95
Ciena,Alipio,209,US Championships 2022,aa_score,49.849999999999994
Leanne,Wong,206,US Championships 2022,vault_d,0
Leanne,Wong,206,US Championships 2022,vault_e,0
Leanne,Wong,206,US Championships 2022,vault_score,0
Leanne,Wong,206,US Championships 2022,bars_d,5.7
Leanne,Wong,206,US Championships 2022,bars_e,8.5
Leanne,Wong,206,US Championships 2022,bars_score,14.2
Leanne,Wong,206,US Championships 2022,beam_d,5.5
Leanne,Wong,206,US Championships 2022,beam_e,7.65
Leanne,Wong,206,US Championships 2022,beam_score,13.15
Leanne,Wong,206,US Championships 2022,floor_d,0
Leanne,Wong,206,US Championships 2022,floor_e,0
Leanne,Wong,206,US Championships 2022,floor_score,0
Leanne,Wong,206,US Championships 2022,aa_score,27.35
Olivia,Greaves,221,US Championships 2022,vault_d,0
Olivia,Greaves,221,US Championships 2022,vault_e,0
Olivia,Greaves,221,US Championships 2022,vault_score,0
Olivia,Greaves,221,US Championships 2022,bars_d,5.4
Olivia,Greaves,221,US Championships 2022,bars_e,8.2
Olivia,Greaves,221,US Championships 2022,bars_score,13.6
Olivia,Greaves,221,US Championships 2022,beam_d,0
Olivia,Greaves,221,US Championships 2022,beam_e,0
Olivia,Greaves,221,US Championships 2022,beam_score,0
Olivia,Greaves,221,US Championships 2022,floor_d,0
Olivia,Greaves,221,US Championships 2022,floor_e,0
Olivia,Greaves,221,US Championships 2022,floor_score,0
Olivia,Greaves,221,US Championships 2022,aa_score,13.6
Simone,Biles,224,US Championships 2023,vault_d,6.4
Simone,Biles,224,US Championships 2023,vault_e,9.8
Simone,Biles,224,US Championships 2023,vault_score,15.7
Simone,Biles,224,US Championships 2023,bars_d,6
Simone,Biles,224,US Championships 2023,bars_e,8.350000000000001
Simone,Biles,224,US Championships 2023,bars_score,14.35
Simone,Biles,224,US Championships 2023,beam_d,6.4
Simone,Biles,224,US Championships 2023,beam_e,8.05
Simone,Biles,224,US Championships 2023,beam_score,14.45
Simone,Biles,224,US Championships 2023,floor_d,6.8
Simone,Biles,224,US Championships 2023,floor_e,8.1
Simone,Biles,224,US Championships 2023,floor_score,14.8
Simone,Biles,224,US Championships 2023,aa_score,59.3
Shilese,Jones,202,US Championships 2023,vault_d,5
Shilese,Jones,202,US Championships 2023,vault_e,9.35
Shilese,Jones,202,US Championships 2023,vault_score,14.35
Shilese,Jones,202,US Championships 2023,bars_d,6.3
Shilese,Jones,202,US Championships 2023,bars_e,8.6
Shilese,Jones,202,US Championships 2023,bars_score,14.9
Shilese,Jones,202,US Championships 2023,beam_d,5.8
Shilese,Jones,202,US Championships 2023,beam_e,7.65
Shilese,Jones,202,US Championships 2023,beam_score,13.45
Shilese,Jones,202,US Championships 2023,floor_d,5.9
Shilese,Jones,202,US Championships 2023,floor_e,8.25
Shilese,Jones,202,US Championships 2023,floor_score,14.05
Shilese,Jones,202,US Championships 2023,aa_score,56.75
Skye,Blakely,219,US Championships 2023,vault_d,5
Skye,Blakely,219,US Championships 2023,vault_e,9.35
Skye,Blakely,219,US Championships 2023,vault_score,14.35
Skye,Blakely,219,US Championships 2023,bars_d,5.9
Skye,Blakely,219,US Championships 2023,bars_e,8.5
Skye,Blakely,219,US Championships 2023,bars_score,14.4
Skye,Blakely,219,US Championships 2023,beam_d,6.1
Skye,Blakely,219,US Championships 2023,beam_e,7.95
Skye,Blakely,219,US Championships 2023,beam_score,14.05
Skye,Blakely,219,US Championships 2023,floor_d,5.6
Skye,Blakely,219,US Championships 2023,floor_e,7.4
Skye,Blakely,219,US Championships 2023,floor_score,12.9
Skye,Blakely,219,US Championships 2023,aa_score,55.7
Leanne,Wong,218,US Championships 2023,vault_d,5
Leanne,Wong,218,US Championships 2023,vault_e,9.25
Leanne,Wong,218,US Championships 2023,vault_score,14.25
Leanne,Wong,218,US Championships 2023,bars_d,5.7
Leanne,Wong,218,US Championships 2023,bars_e,8.3
Leanne,Wong,218,US Championships 2023,bars_score,14
Leanne,Wong,218,US Championships 2023,beam_d,5.8
Leanne,Wong,218,US Championships 2023,beam_e,7.95
Leanne,Wong,218,US Championships 2023,beam_score,13.75
Leanne,Wong,218,US Championships 2023,floor_d,5.6
Leanne,Wong,218,US Championships 2023,floor_e,7.85
Leanne,Wong,218,US Championships 2023,floor_score,13.35
Leanne,Wong,218,US Championships 2023,aa_score,55.349999999999994
Jordan,Chiles,226,US Championships 2023,vault_d,5
Jordan,Chiles,226,US Championships 2023,vault_e,9.3
Jordan,Chiles,226,US Championships 2023,vault_score,14.3
Jordan,Chiles,226,US Championships 2023,bars_d,5.9
Jordan,Chiles,226,US Championships 2023,bars_e,8.3
Jordan,Chiles,226,US Championships 2023,bars_score,14.2
Jordan,Chiles,226,US Championships 2023,beam_d,5.2
Jordan,Chiles,226,US Championships 2023,beam_e,7.8
Jordan,Chiles,226,US Championships 2023,beam_score,13
Jordan,Chiles,226,US Championships 2023,floor_d,5.6
Jordan,Chiles,226,US Championships 2023,floor_e,7.6
Jordan,Chiles,226,US Championships 2023,floor_score,13.1
Jordan,Chiles,226,US Championships 2023,aa_score,54.6
Kaliya,Lincoln,222,US Championships 2023,vault_d,5
Kaliya,Lincoln,222,US Championships 2023,vault_e,9.1
Kaliya,Lincoln,222,US Championships 2023,vault_score,14.1
Kaliya,Lincoln,222,US Championships 2023,bars_d,5.3
Kaliya,Lincoln,222,US Championships 2023,bars_e,7.5
Kaliya,Lincoln,222,US Championships 2023,bars_score,12.3
Kaliya,Lincoln,222,US Championships 2023,beam_d,5.5
Kaliya,Lincoln,222,US Championships 2023,beam_e,7.85
Kaliya,Lincoln,222,US Championships 2023,beam_score,13.25
Kaliya,Lincoln,222,US Championships 2023,floor_d,6.1
Kaliya,Lincoln,222,US Championships 2023,floor_e,8.25
Kaliya,Lincoln,222,US Championships 2023,floor_score,14.35
Kaliya,Lincoln,222,US Championships 2023,aa_score,54
Amelia,Disidore,205,US Championships 2023,vault_d,5
Amelia,Disidore,205,US Championships 2023,vault_e,8.850000000000001
Amelia,Disidore,205,US Championships 2023,vault_score,13.85
Amelia,Disidore,205,US Championships 2023,bars_d,5.1
Amelia,Disidore,205,US Championships 2023,bars_e,7.45
Amelia,Disidore,205,US Championships 2023,bars_score,12.55
Amelia,Disidore,205,US Championships 2023,beam_d,5.8
Amelia,Disidore,205,US Championships 2023,beam_e,7.5
Amelia,Disidore,205,US Championships 2023,beam_score,13.3
Amelia,Disidore,205,US Championships 2023,floor_d,5.6
Amelia,Disidore,205,US Championships 2023,floor_e,7.85
Amelia,Disidore,205,US Championships 2023,floor_score,13.35
Amelia,Disidore,205,US Championships 2023,aa_score,53.05
Joscelyn,Roberson,228,US Championships 2023,vault_d,5.6
Joscelyn,Roberson,228,US Championships 2023,vault_e,9.05
Joscelyn,Roberson,228,US Championships 2023,vault_score,14.65
Joscelyn,Roberson,228,US Championships 2023,bars_d,4.7
Joscelyn,Roberson,228,US Championships 2023,bars_e,7.1
Joscelyn,Roberson,228,US Championships 2023,bars_score,11.8
Joscelyn,Roberson,228,US Championships 2023,beam_d,6
Joscelyn,Roberson,228,US Championships 2023,beam_e,7.2
Joscelyn,Roberson,228,US Championships 2023,beam_score,13.2
Joscelyn,Roberson,228,US Championships 2023,floor_d,6.2
Joscelyn,Roberson,228,US Championships 2023,floor_e,7.3
Joscelyn,Roberson,228,US Championships 2023,floor_score,13.3
Joscelyn,Roberson,228,US Championships 2023,aa_score,52.95
Katelyn,Jong,210,US Championships 2023,vault_d,5
Katelyn,Jong,210,US Championships 2023,vault_e,8.850000000000001
Katelyn,Jong,210,US Championships 2023,vault_score,13.85
Katelyn,Jong,210,US Championships 2023,bars_d,6
Katelyn,Jong,210,US Championships 2023,bars_e,8.05
Katelyn,Jong,210,US Championships 2023,bars_score,14.05
Katelyn,Jong,210,US Championships 2023,beam_d,5.5
Katelyn,Jong,210,US Championships 2023,beam_e,6.35
Katelyn,Jong,210,US Championships 2023,beam_score,11.85
Katelyn,Jong,210,US Championships 2023,floor_d,5.6
Katelyn,Jong,210,US Championships 2023,floor_e,7.55
Katelyn,Jong,210,US Championships 2023,floor_score,13.15
Katelyn,Jong,210,US Championships 2023,aa_score,52.9
Madray,Johnson,220,US Championships 2023,vault_d,4.6
Madray,Johnson,220,US Championships 2023,vault_e,8.950000000000001
Madray,Johnson,220,US Championships 2023,vault_score,13.55
Madray,Johnson,220,US Championships 2023,bars_d,5
Madray,Johnson,220,US Championships 2023,bars_e,7.9
Madray,Johnson,220,US Championships 2023,bars_score,12.9
Madray,Johnson,220,US Championships 2023,beam_d,5.7
Madray,Johnson,220,US Championships 2023,beam_e,7.8
Madray,Johnson,220,US Championships 2023,beam_score,13.5
Madray,Johnson,220,US Championships 2023,floor_d,5.1
Madray,Johnson,220,US Championships 2023,floor_e,7.8
Madray,Johnson,220,US Championships 2023,floor_score,12.9
Madray,Johnson,220,US Championships 2023,aa_score,52.849999999999994
Tiana,Sumanasekera,229,US Championships 2023,vault_d,5
Tiana,Sumanasekera,229,US Championships 2023,vault_e,9.2
Tiana,Sumanasekera,229,US Championships 2023,vault_score,14.2
Tiana,Sumanasekera,229,US Championships 2023,bars_d,5.4
Tiana,Sumanasekera,229,US Championships 2023,bars_e,6.1499999999999995
Tiana,Sumanasekera,229,US Championships 2023,bars_score,11.55
Tiana,Sumanasekera,229,US Championships 2023,beam_d,5.8
Tiana,Sumanasekera,229,US Championships 2023,beam_e,8.05
Tiana,Sumanasekera,229,US Championships 2023,beam_score,13.85
Tiana,Sumanasekera,229,US Championships 2023,floor_d,5.3
Tiana,Sumanasekera,229,US Championships 2023,floor_e,7.85
Tiana,Sumanasekera,229,US Championships 2023,floor_score,13.15
Tiana,Sumanasekera,229,US Championships 2023,aa_score,52.75
Addison,Fatta,214,US Championships 2023,vault_d,5
Addison,Fatta,214,US Championships 2023,vault_e,8.850000000000001
Addison,Fatta,214,US Championships 2023,vault_score,13.85
Addison,Fatta,214,US Championships 2023,bars_d,5.5
Addison,Fatta,214,US Championships 2023,bars_e,7.85
Addison,Fatta,214,US Championships 2023,bars_score,13.35
Addison,Fatta,214,US Championships 2023,beam_d,5.2
Addison,Fatta,214,US Championships 2023,beam_e,7.8
Addison,Fatta,214,US Championships 2023,beam_score,13
Addison,Fatta,214,US Championships 2023,floor_d,5.1
Addison,Fatta,214,US Championships 2023,floor_e,7.1
Addison,Fatta,214,US Championships 2023,floor_score,12.2
Addison,Fatta,214,US Championships 2023,aa_score,52.4
Alicia,Zhou,209,US Championships 2023,vault_d,4.2
Alicia,Zhou,209,US Championships 2023,vault_e,9
Alicia,Zhou,209,US Championships 2023,vault_score,13.2
Alicia,Zhou,209,US Championships 2023,bars_d,5.6
Alicia,Zhou,209,US Championships 2023,bars_e,8.2
Alicia,Zhou,209,US Championships 2023,bars_score,13.8
Alicia,Zhou,209,US Championships 2023,beam_d,5
Alicia,Zhou,209,US Championships 2023,beam_e,7.6
Alicia,Zhou,209,US Championships 2023,beam_score,12.6
Alicia,Zhou,209,US Championships 2023,floor_d,4.9
Alicia,Zhou,209,US Championships 2023,floor_e,7.8
Alicia,Zhou,209,US Championships 2023,floor_score,12.7
Alicia,Zhou,209,US Championships 2023,aa_score,52.3
Myli,Lew,215,US Championships 2023,vault_d,4.2
Myli,Lew,215,US Championships 2023,vault_e,8.950000000000001
Myli,Lew,215,US Championships 2023,vault_score,13.15
Myli,Lew,215,US Championships 2023,bars_d,5.4
Myli,Lew,215,US Championships 2023,bars_e,8.5
Myli,Lew,215,US Championships 2023,bars_score,13.9
Myli,Lew,215,US Championships 2023,beam_d,4.9
Myli,Lew,215,US Championships 2023,beam_e,8.15
Myli,Lew,215,US Championships 2023,beam_score,13.05
Myli,Lew,215,US Championships 2023,floor_d,4.6
Myli,Lew,215,US Championships 2023,floor_e,7.5
Myli,Lew,215,US Championships 2023,floor_score,12.1
Myli,Lew,215,US Championships 2023,aa_score,52.2
Nola,Matthews,201,US Championships 2023,vault_d,4.2
Nola,Matthews,201,US Championships 2023,vault_e,8.950000000000001
Nola,Matthews,201,US Championships 2023,vault_score,13.15
Nola,Matthews,201,US Championships 2023,bars_d,5.3
Nola,Matthews,201,US Championships 2023,bars_e,7.1
Nola,Matthews,201,US Championships 2023,bars_score,12.4
Nola,Matthews,201,US Championships 2023,beam_d,5.2
Nola,Matthews,201,US Championships 2023,beam_e,7.8
Nola,Matthews,201,US Championships 2023,beam_score,13
Nola,Matthews,201,US Championships 2023,floor_d,5.2
Nola,Matthews,201,US Championships 2023,floor_e,8.2
Nola,Matthews,201,US Championships 2023,floor_score,13.4
Nola,Matthews,201,US Championships 2023,aa_score,51.95
Marissa,Neal,207,US Championships 2023,vault_d,4.6
Marissa,Neal,207,US Championships 2023,vault_e,9
Marissa,Neal,207,US Championships 2023,vault_score,13.6
Marissa,Neal,207,US Championships 2023,bars_d,5.4
Marissa,Neal,207,US Championships 2023,bars_e,6.95
Marissa,Neal,207,US Championships 2023,bars_score,12.35
Marissa,Neal,207,US Championships 2023,beam_d,5
Marissa,Neal,207,US Championships 2023,beam_e,8
Marissa,Neal,207,US Championships 2023,beam_score,13
Marissa,Neal,207,US Championships 2023,floor_d,5.4
Marissa,Neal,207,US Championships 2023,floor_e,7.5
Marissa,Neal,207,US Championships 2023,floor_score,12.9
Marissa,Neal,207,US Championships 2023,aa_score,51.849999999999994
Eveylynn,Lowe,206,US Championships 2023,vault_d,4.6
Eveylynn,Lowe,206,US Championships 2023,vault_e,9.15
Eveylynn,Lowe,206,US Championships 2023,vault_score,13.75
Eveylynn,Lowe,206,US Championships 2023,bars_d,5
Eveylynn,Lowe,206,US Championships 2023,bars_e,7.9
Eveylynn,Lowe,206,US Championships 2023,bars_score,12.9
Eveylynn,Lowe,206,US Championships 2023,beam_d,5.4
Eveylynn,Lowe,206,US Championships 2023,beam_e,6.95
Eveylynn,Lowe,206,US Championships 2023,beam_score,12.35
Eveylynn,Lowe,206,US Championships 2023,floor_d,5.4
Eveylynn,Lowe,206,US Championships 2023,floor_e,7.4
Eveylynn,Lowe,206,US Championships 2023,floor_score,12.7
Eveylynn,Lowe,206,US Championships 2023,aa_score,51.7
Charlotte,Booth,203,US Championships 2023,vault_d,4.6
Charlotte,Booth,203,US Championships 2023,vault_e,9
Charlotte,Booth,203,US Championships 2023,vault_score,13.6
Charlotte,Booth,203,US Championships 2023,bars_d,5.4
Charlotte,Booth,203,US Championships 2023,bars_e,7.7
Charlotte,Booth,203,US Championships 2023,bars_score,13.1
Charlotte,Booth,203,US Championships 2023,beam_d,4.8
Charlotte,Booth,203,US Championships 2023,beam_e,7.7
Charlotte,Booth,203,US Championships 2023,beam_score,12.5
Charlotte,Booth,203,US Championships 2023,floor_d,5.1
Charlotte,Booth,203,US Championships 2023,floor_e,7.4
Charlotte,Booth,203,US Championships 2023,floor_score,12.5
Charlotte,Booth,203,US Championships 2023,aa_score,51.7
Kayla,DiCello,208,US Championships 2023,vault_d,5
Kayla,DiCello,208,US Championships 2023,vault_e,9
Kayla,DiCello,208,US Championships 2023,vault_score,14
Kayla,DiCello,208,US Championships 2023,bars_d,5.2
Kayla,DiCello,208,US Championships 2023,bars_e,7.1
Kayla,DiCello,208,US Championships 2023,bars_score,12.3
Kayla,DiCello,208,US Championships 2023,beam_d,5.5
Kayla,DiCello,208,US Championships 2023,beam_e,6.2
Kayla,DiCello,208,US Championships 2023,beam_score,11.7
Kayla,DiCello,208,US Championships 2023,floor_d,5.5
Kayla,DiCello,208,US Championships 2023,floor_e,8
Kayla,DiCello,208,US Championships 2023,floor_score,13.5
Kayla,DiCello,208,US Championships 2023,aa_score,51.5
Jade,Carey,213,US Championships 2023,vault_d,5.6
Jade,Carey,213,US Championships 2023,vault_e,8.350000000000001
Jade,Carey,213,US Championships 2023,vault_score,13.95
Jade,Carey,213,US Championships 2023,bars_d,5.1
Jade,Carey,213,US Championships 2023,bars_e,6.95
Jade,Carey,213,US Championships 2023,bars_score,12.05
Jade,Carey,213,US Championships 2023,beam_d,5.7
Jade,Carey,213,US Championships 2023,beam_e,6.45
Jade,Carey,213,US Championships 2023,beam_score,12.15
Jade,Carey,213,US Championships 2023,floor_d,5.9
Jade,Carey,213,US Championships 2023,floor_e,7.45
Jade,Carey,213,US Championships 2023,floor_score,13.35
Jade,Carey,213,US Championships 2023,aa_score,51.5
Ashlee,Sullivan,223,US Championships 2023,vault_d,4.2
Ashlee,Sullivan,223,US Championships 2023,vault_e,9
Ashlee,Sullivan,223,US Championships 2023,vault_score,13.2
Ashlee,Sullivan,223,US Championships 2023,bars_d,5.4
Ashlee,Sullivan,223,US Championships 2023,bars_e,7.55
Ashlee,Sullivan,223,US Championships 2023,bars_score,12.95
Ashlee,Sullivan,223,US Championships 2023,beam_d,5.6
Ashlee,Sullivan,223,US Championships 2023,beam_e,6.6
Ashlee,Sullivan,223,US Championships 2023,beam_score,12.2
Ashlee,Sullivan,223,US Championships 2023,floor_d,5.5
Ashlee,Sullivan,223,US Championships 2023,floor_e,7.7
Ashlee,Sullivan,223,US Championships 2023,floor_score,13.1
Ashlee,Sullivan,223,US Championships 2023,aa_score,51.45
Michelle,Pineda,211,US Championships 2023,vault_d,4.6
Michelle,Pineda,211,US Championships 2023,vault_e,8.950000000000001
Michelle,Pineda,211,US Championships 2023,vault_score,13.55
Michelle,Pineda,211,US Championships 2023,bars_d,4.8
Michelle,Pineda,211,US Championships 2023,bars_e,8
Michelle,Pineda,211,US Championships 2023,bars_score,12.8
Michelle,Pineda,211,US Championships 2023,beam_d,5
Michelle,Pineda,211,US Championships 2023,beam_e,7.7
Michelle,Pineda,211,US Championships 2023,beam_score,12.7
Michelle,Pineda,211,US Championships 2023,floor_d,4.9
Michelle,Pineda,211,US Championships 2023,floor_e,7.5
Michelle,Pineda,211,US Championships 2023,floor_score,12.4
Michelle,Pineda,211,US Championships 2023,aa_score,51.45
Dulcy,Caylor,225,US Championships 2023,vault_d,5
Dulcy,Caylor,225,US Championships 2023,vault_e,8.9
Dulcy,Caylor,225,US Championships 2023,vault_score,13.9
Dulcy,Caylor,225,US Championships 2023,bars_d,5
Dulcy,Caylor,225,US Championships 2023,bars_e,7
Dulcy,Caylor,225,US Championships 2023,bars_score,12
Dulcy,Caylor,225,US Championships 2023,beam_d,5.2
Dulcy,Caylor,225,US Championships 2023,beam_e,7
Dulcy,Caylor,225,US Championships 2023,beam_score,12.2
Dulcy,Caylor,225,US Championships 2023,floor_d,5.4
Dulcy,Caylor,225,US Championships 2023,floor_e,7.7
Dulcy,Caylor,225,US Championships 2023,floor_score,12.9
Dulcy,Caylor,225,US Championships 2023,aa_score,51
Zoe,Miller,227,US Championships 2023,vault_d,4.6
Zoe,Miller,227,US Championships 2023,vault_e,8.55
Zoe,Miller,227,US Championships 2023,vault_score,13.15
Zoe,Miller,227,US Championships 2023,bars_d,5.3
Zoe,Miller,227,US Championships 2023,bars_e,6
Zoe,Miller,227,US Championships 2023,bars_score,11
Zoe,Miller,227,US Championships 2023,beam_d,5.5
Zoe,Miller,227,US Championships 2023,beam_e,7.55
Zoe,Miller,227,US Championships 2023,beam_score,13.05
Zoe,Miller,227,US Championships 2023,floor_d,5
Zoe,Miller,227,US Championships 2023,floor_e,6.8
Zoe,Miller,227,US Championships 2023,floor_score,11.8
Zoe,Miller,227,US Championships 2023,aa_score,49
Kelise,Woolford,204,US Championships 2023,vault_d,4.2
Kelise,Woolford,204,US Championships 2023,vault_e,8.55
Kelise,Woolford,204,US Championships 2023,vault_score,12.45
Kelise,Woolford,204,US Championships 2023,bars_d,4.5
Kelise,Woolford,204,US Championships 2023,bars_e,7.85
Kelise,Woolford,204,US Championships 2023,bars_score,12.35
Kelise,Woolford,204,US Championships 2023,beam_d,5.1
Kelise,Woolford,204,US Championships 2023,beam_e,6.7
Kelise,Woolford,204,US Championships 2023,beam_score,11.8
Kelise,Woolford,204,US Championships 2023,floor_d,4.9
Kelise,Woolford,204,US Championships 2023,floor_e,7.25
Kelise,Woolford,204,US Championships 2023,floor_score,12.15
Kelise,Woolford,204,US Championships 2023,aa_score,48.75
Levi,Jung-Ruivivar,221,US Championships 2023,vault_d,4.6
Levi,Jung-Ruivivar,221,US Championships 2023,vault_e,8.8
Levi,Jung-Ruivivar,221,US Championships 2023,vault_score,13.4
Levi,Jung-Ruivivar,221,US Championships 2023,bars_d,5.3
Levi,Jung-Ruivivar,221,US Championships 2023,bars_e,6.7
Levi,Jung-Ruivivar,221,US Championships 2023,bars_score,12
Levi,Jung-Ruivivar,221,US Championships 2023,beam_d,4.9
Levi,Jung-Ruivivar,221,US Championships 2023,beam_e,7.4
Levi,Jung-Ruivivar,221,US Championships 2023,beam_score,12.3
Levi,Jung-Ruivivar,221,US Championships 2023,floor_d,5
Levi,Jung-Ruivivar,221,US Championships 2023,floor_e,6.1499999999999995
Levi,Jung-Ruivivar,221,US Championships 2023,floor_score,10.55
Levi,Jung-Ruivivar,221,US Championships 2023,aa_score,48.25
Lexi,Zeiss,217,US Championships 2023,vault_d,4.6
Lexi,Zeiss,217,US Championships 2023,vault_e,8.850000000000001
Lexi,Zeiss,217,US Championships 2023,vault_score,13.45
Lexi,Zeiss,217,US Championships 2023,bars_d,5.9
Lexi,Zeiss,217,US Championships 2023,bars_e,7.8
Lexi,Zeiss,217,US Championships 2023,bars_score,13.7
Lexi,Zeiss,217,US Championships 2023,beam_d,0
Lexi,Zeiss,217,US Championships 2023,beam_e,0
Lexi,Zeiss,217,US Championships 2023,beam_score,0
Lexi,Zeiss,217,US Championships 2023,floor_d,0
Lexi,Zeiss,217,US Championships 2023,floor_e,0
Lexi,Zeiss,217,US Championships 2023,floor_score,0
Lexi,Zeiss,217,US Championships 2023,aa_score,27.15
Sunisa,Lee,212,US Championships 2023,vault_d,4.2
Sunisa,Lee,212,US Championships 2023,vault_e,9.15
Sunisa,Lee,212,US Championships 2023,vault_score,13.35
Sunisa,Lee,212,US Championships 2023,bars_d,0
Sunisa,Lee,212,US Championships 2023,bars_e,0
Sunisa,Lee,212,US Championships 2023,bars_score,0
Sunisa,Lee,212,US Championships 2023,beam_d,6
Sunisa,Lee,212,US Championships 2023,beam_e,7.65
Sunisa,Lee,212,US Championships 2023,beam_score,13.65
Sunisa,Lee,212,US Championships 2023,floor_d,0
Sunisa,Lee,212,US Championships 2023,floor_e,0
Sunisa,Lee,212,US Championships 2023,floor_score,0
Sunisa,Lee,212,US Championships 2023,aa_score,27
Elle,Mueller,216,US Championships 2023,vault_d,0
Elle,Mueller,216,US Championships 2023,vault_e,0
Elle,Mueller,216,US Championships 2023,vault_score,0
Elle,Mueller,216,US Championships 2023,bars_d,0
Elle,Mueller,216,US Championships 2023,bars_e,0
Elle,Mueller,216,US Championships 2023,bars_score,0
Elle,Mueller,216,US Championships 2023,beam_d,0
Elle,Mueller,216,US Championships 2023,beam_e,0
Elle,Mueller,216,US Championships 2023,beam_score,0
Elle,Mueller,216,US Championships 2023,floor_d,0
Elle,Mueller,216,US Championships 2023,floor_e,0
Elle,Mueller,216,US Championships 2023,floor_score,0
Elle,Mueller,216,US Championships 2023,aa_score,0
